scenario,trades,net_pnl_inr,average_pnl_inr,win_rate
EXEC_MARK,8,142.80172007549746,17.850215009437182,1.0
EXEC_CONSERVATIVE,8,142.7302723285353,17.841284041066913,1.0
EXEC_STRESS,8,142.4444813406866,17.805560167585824,1.0
TP_25_ENDPOINT_PROXY,8,142.80172007549746,17.850215009437182,1.0
TP_50_ENDPOINT_PROXY,8,142.80172007549746,17.850215009437182,1.0
TP_60_ENDPOINT_PROXY,8,142.80172007549746,17.850215009437182,1.0
TP_70_ENDPOINT_PROXY,8,142.80172007549746,17.850215009437182,1.0
TP_75_ENDPOINT_PROXY,8,142.80172007549746,17.850215009437182,1.0
TP_80_ENDPOINT_PROXY,8,142.80172007549746,17.850215009437182,1.0
TP_90_ENDPOINT_PROXY,8,142.80172007549746,17.850215009437182,1.0
STOP_1.5X_ENDPOINT_PROXY,8,70.10693134369947,8.763366417962436,0.625
STOP_2.0X_ENDPOINT_PROXY,8,65.24667929119188,8.155834911398987,0.75
STOP_2.5X_ENDPOINT_PROXY,8,89.71748122827704,11.214685153534631,0.875
STOP_3.0X_ENDPOINT_PROXY,8,79.10063345883296,9.887579182354122,0.875
STOP_4.0X_ENDPOINT_PROXY,8,142.80172007549746,17.850215009437182,1.0
STOP_5.0X_ENDPOINT_PROXY,8,142.80172007549746,17.850215009437182,1.0
