actual_distance_usd,balance_after_inr,balance_before_inr,contract_value_btc,contracts,direction,distance_error_usd,entry_fee_inr,entry_mark_usd,entry_target_utc,exit_fee_inr,exit_mark_usd,exit_mechanism,expiry_utc,fee_inr,gross_pnl_inr,hours_to_expiry,mae_inr,max_option_mark_usd,mfe_inr,min_option_mark_usd,net_pnl_inr,one_hour_move_usd,portfolio_status,signal_spot_usd,signal_utc,slippage_inr,status,strike_usd,symbol,target_strike_usd
864.5,20021.22944922441,20000.0,0.001,1,UP,135.5,0.0021231572381650004,249.78320449,2026-07-14T13:30:00+00:00,0.0,0.0,SETTLEMENT_EXIT,2026-07-16T12:00:00Z,0.002123157238165,21.23157238165,46.5,59.5359292263,950.20590127,21.22307238165,0.1,21.229449224411837,999.0,TRADED,63935.5,2026-07-14T13:25:00+00:00,0,COMPLETED,64800.0,C-BTC-64800-160726,64935.5
1125.0,,,0.001,1,UP,125.0,0.0027935107176200002,328.64831972,2026-07-14T15:30:00+00:00,0.0,0.0,SETTLEMENT_EXIT,2026-07-16T12:00:00Z,0.0027935107176200002,27.935107176200002,44.5,11.068280869249998,458.86338877,27.926607176199997,0.1,27.932313665482383,582.0,SKIP_OVERLAPPING_ONE_POSITION,64475.0,2026-07-14T15:25:00+00:00,0,COMPLETED,65600.0,C-BTC-65600-160726,65475.0
908.0,,,0.001,1,UP,92.0,0.0030481986226100002,358.61160266,2026-07-15T13:30:00+00:00,0.0,0.0,SETTLEMENT_EXIT,2026-07-17T12:00:00Z,0.0030481986226100002,30.481986226100002,46.5,0.36912200214999813,362.95421445,30.4734862261,0.1,30.478938027477394,625.0,SKIP_OVERLAPPING_ONE_POSITION,65292.0,2026-07-15T13:25:00+00:00,0,COMPLETED,66200.0,C-BTC-66200-170726,66292.0
1060.5,20039.65771771526,20021.22944922441,0.001,1,UP,60.5,0.0018430111502,216.8248412,2026-07-16T14:30:00+00:00,0.0,0.0,SETTLEMENT_EXIT,2026-07-18T12:00:00Z,0.0018430111502,18.430111502,45.5,0.0,216.8248412,18.421611502,0.1,18.428268490849803,506.0,TRADED,64739.5,2026-07-16T14:25:00+00:00,0,COMPLETED,65800.0,C-BTC-65800-180726,65739.5
999.5,,,0.001,1,UP,0.5,0.00050178536948,59.03357288,2026-07-17T17:30:00+00:00,0.0,0.0,SETTLEMENT_EXIT,2026-07-19T12:00:00Z,0.00050178536948,5.0178536948,42.5,3.34530860385,98.39014469,5.0093536948,0.1,5.01735190943052,549.0,SKIP_OVERLAPPING_ONE_POSITION,64000.5,2026-07-17T17:25:00+00:00,0,COMPLETED,65000.0,C-BTC-65000-190726,65000.5
965.5,20066.594901557593,20039.65771771526,0.001,1,DOWN,34.5,0.0026986769443700003,317.49140522,2026-07-20T05:30:00+00:00,4.68822362e-06,0.55155572,MARK_EXIT,2026-07-22T12:00:00Z,0.002703365167990001,26.9398872075,54.5,9.464923531750003,428.84344677,26.9467706316,0.47057426,26.93718384233201,-574.0,TRADED,64165.5,2026-07-20T05:25:00+00:00,0,COMPLETED,63200.0,P-BTC-63200-220726,63165.5
1162.0,20076.27863671258,20066.594901557593,0.001,1,DOWN,162.0,0.000968470362535,113.93768971,2026-07-24T13:30:00+00:00,0.0,0.0,SETTLEMENT_EXIT,2026-07-26T12:00:00Z,0.0009684703625350002,9.68470362535,46.5,7.788783286750002,205.57043426,9.67620362535,0.1,9.683735154987465,-638.0,TRADED,64362.0,2026-07-24T13:25:00+00:00,0,COMPLETED,63200.0,P-BTC-63200-260726,63362.0
1041.5,,,0.001,1,DOWN,41.5,0.0009437808919350001,111.03304611,2026-07-24T14:30:00+00:00,0.0,0.0,SETTLEMENT_EXIT,2026-07-26T12:00:00Z,0.000943780891935,9.437808919350001,45.5,0.0,111.03304611,9.42930891935,0.1,9.436865138458066,-520.5,SKIP_OVERLAPPING_ONE_POSITION,63841.5,2026-07-24T14:25:00+00:00,0,COMPLETED,62800.0,P-BTC-62800-260726,62841.5
1051.5,20093.818953151716,20076.27863671258,0.001,1,DOWN,51.5,0.0017542070646200001,206.37730172,2026-07-27T23:30:00+00:00,0.0,0.0,SETTLEMENT_EXIT,2026-07-29T12:00:00Z,0.0017542070646200001,17.5420706462,36.5,19.74939210325,438.72309117,17.5335706462,0.1,17.54031643913538,-729.0,TRADED,63851.5,2026-07-27T23:25:00+00:00,0,COMPLETED,62800.0,P-BTC-62800-290726,62851.5
1071.0,,,0.001,1,UP,71.0,0.0022209128148450003,261.28386057,2026-07-28T15:30:00+00:00,0.0,0.0,SETTLEMENT_EXIT,2026-07-30T12:00:00Z,0.0022209128148450003,22.209128148450002,44.5,19.37681021605,489.2463337,22.200628148449997,0.1,22.206907235635153,565.0,SKIP_OVERLAPPING_ONE_POSITION,63729.0,2026-07-28T15:25:00+00:00,0,COMPLETED,64800.0,C-BTC-64800-300726,64729.0
1007.0,20118.868421787534,20093.818953151716,0.001,1,DOWN,7.0,0.00250519738332,294.72910392,2026-07-29T20:30:00+00:00,0.0,0.0,SETTLEMENT_EXIT,2026-07-31T12:00:00Z,0.00250519738332,25.0519738332,39.5,5.31556182665,357.26512541,25.043473833199997,0.1,25.049468635816684,-510.5,TRADED,63507.0,2026-07-29T20:25:00+00:00,0,COMPLETED,62500.0,P-BTC-62500-310726,62507.0
1066.0,,,0.001,1,UP,66.0,0.00210945386635,248.1710431,2026-07-30T02:30:00+00:00,4.645026705e-06,0.54647373,MARK_EXIT,2026-08-01T12:00:00Z,0.002114098893055,21.048088396449998,57.5,16.1099608333,437.69999408,21.0538346846,0.47887034,21.045974297556945,516.5,SKIP_OVERLAPPING_ONE_POSITION,64334.0,2026-07-30T02:25:00+00:00,0,COMPLETED,65400.0,C-BTC-65400-010826,65334.0
1138.5,,,0.001,1,DOWN,138.5,0.001151017514115,135.41382519,2026-07-31T02:30:00+00:00,0.0005151356778150001,60.60419739,MARK_EXIT,2026-08-02T12:00:00Z,0.0016661531919300002,6.358818363000001,57.5,60.31221332650001,844.96927609,9.01049670175,29.40798164,6.357152209808072,-831.5,SKIP_OVERLAPPING_ONE_POSITION,64338.5,2026-07-31T02:25:00+00:00,0,COMPLETED,63200.0,P-BTC-63200-020826,63338.5
1030.5,20129.228382584744,20118.868421787534,0.001,1,DOWN,30.5,0.00103609968969,121.89408114,2026-07-31T14:30:00+00:00,0.0,0.0,SETTLEMENT_EXIT,2026-08-02T12:00:00Z,0.0010360996896900002,10.3609968969,45.5,1.7126357633999996,142.04273718,10.3524968969,0.1,10.35996079721031,-1175.5,TRADED,62630.5,2026-07-31T14:25:00+00:00,0,COMPLETED,61600.0,P-BTC-61600-020826,61630.5
1057.0,20142.8017200755,20129.228382584744,0.001,1,UP,57.0,0.001357469496025,159.70229365,2026-08-03T14:30:00+00:00,0.0,0.0,SETTLEMENT_EXIT,2026-08-05T12:00:00Z,0.0013574694960250002,13.57469496025,45.5,3.4924662385,200.79013175,13.56619496025,0.1,13.573337490753977,999.0,TRADED,63743.0,2026-08-03T14:25:00+00:00,0,COMPLETED,64800.0,C-BTC-64800-050826,64743.0
