balance_after_inr,balance_before_inr,contract_value_btc,contracts,data,direction,entry_mark_usd,entry_mark_utc,entry_signal_utc,exit_mark_usd,exit_mark_utc,fee_rate_assumption,fee_usd,one_hour_move_usd,pnl_inr,pnl_usd,spot_entry_usd,status,strike_usd,symbol
,,,,,,,,2024-08-12T12:00:00+00:00,,,,,,,,,SKIPPED_MISSING_MARK,,C-BTC-60600-140824
20064.777502227516,20000.0,0.001,1,REAL_DELTA_HISTORICAL_MARK_CANDLES,up,762.26449795,2024-09-19T12:05:00+00:00,2024-09-19T12:00:00+00:00,0.1,2024-09-21T12:00:00+00:00,0.0001,7.623644979500001e-05,514.0,64.77750222751742,0.7620882615002049,62762.5,COMPLETED_MARK_TO_MARK,63600.0,C-BTC-63600-210924
20112.360258193457,20064.777502227516,0.001,1,REAL_DELTA_HISTORICAL_MARK_CANDLES,up,1247.03881358,2024-11-06T12:05:00+00:00,2024-11-06T12:00:00+00:00,687.04827586,2024-11-08T12:00:00+00:00,0.0001,0.000193408708944,728.0,47.582755965939754,0.5597971290110559,74494.0,COMPLETED_MARK_TO_MARK,75400.0,C-BTC-75400-081124
20228.18124589099,20112.360258193457,0.001,1,REAL_DELTA_HISTORICAL_MARK_CANDLES,down,1362.83614888,2024-11-18T12:05:00+00:00,2024-11-18T12:00:00+00:00,0.1,2024-11-20T12:00:00+00:00,0.0001,0.000136293614888,-1247.5,115.82098769753453,1.3625998552651122,90516.5,COMPLETED_MARK_TO_MARK,89600.0,P-BTC-89600-201124
20295.90872709516,20228.18124589099,0.001,1,REAL_DELTA_HISTORICAL_MARK_CANDLES,up,796.97360388,2024-11-29T12:05:00+00:00,2024-11-29T12:00:00+00:00,0.1,2024-12-01T12:00:00+00:00,0.0001,7.9707360388e-05,580.0,67.72748120416702,0.7967938965196121,97350.0,COMPLETED_MARK_TO_MARK,98400.0,C-BTC-98400-011224
20112.79995662627,20295.90872709516,0.001,1,REAL_DELTA_HISTORICAL_MARK_CANDLES,up,1203.65596828,2024-12-15T12:05:00+00:00,2024-12-15T12:00:00+00:00,3357.42068966,2024-12-17T12:00:00+00:00,0.0001,0.00045610766579400004,590.5,-183.1087704688925,-2.154220829045794,102771.5,COMPLETED_MARK_TO_MARK,103600.0,C-BTC-103600-171224
20203.643543974587,20112.79995662627,0.001,1,REAL_DELTA_HISTORICAL_MARK_CANDLES,down,1068.95499195,2024-12-16T12:05:00+00:00,2024-12-16T12:00:00+00:00,0.1,2024-12-18T12:00:00+00:00,0.0001,0.00010690549919499999,-884.0,90.84358734831844,1.0687480864508052,103844.5,COMPLETED_MARK_TO_MARK,102800.0,P-BTC-102800-181224
20300.710124469653,20203.643543974587,0.001,1,REAL_DELTA_HISTORICAL_MARK_CANDLES,up,1142.17399793,2024-12-18T12:05:00+00:00,2024-12-18T12:00:00+00:00,0.1,2024-12-20T12:00:00+00:00,0.0001,0.00011422739979300002,556.0,97.06658049506761,1.1419597705302071,105147.5,COMPLETED_MARK_TO_MARK,106200.0,C-BTC-106200-201224
20413.696894735276,20300.710124469653,0.001,1,REAL_DELTA_HISTORICAL_MARK_CANDLES,down,1329.48907968,2024-12-20T12:05:00+00:00,2024-12-20T12:00:00+00:00,0.1,2024-12-22T12:00:00+00:00,0.0001,0.00013295890796800002,-1734.5,112.98677026562274,1.3292561207720321,92619.5,COMPLETED_MARK_TO_MARK,91600.0,P-BTC-91600-221224
20473.838499122277,20413.696894735276,0.001,1,REAL_DELTA_HISTORICAL_MARK_CANDLES,down,1036.57793746,2024-12-25T12:05:00+00:00,2024-12-25T12:00:00+00:00,328.89310345,2024-12-27T12:00:00+00:00,0.0001,0.000136547104091,-668.0,60.14160438700226,0.707548286905909,97742.5,COMPLETED_MARK_TO_MARK,97000.0,P-BTC-97000-271224
20556.380602918973,20473.838499122277,0.001,1,REAL_DELTA_HISTORICAL_MARK_CANDLES,up,971.28071215,2025-01-06T12:05:00+00:00,2025-01-06T12:00:00+00:00,0.1,2025-01-08T12:00:00+00:00,0.0001,9.7138071215e-05,586.5,82.54210379669672,0.971083574078785,99359.5,COMPLETED_MARK_TO_MARK,100400.0,C-BTC-100400-080125
20086.778915920324,20556.380602918973,0.001,1,REAL_DELTA_HISTORICAL_MARK_CANDLES,down,782.12102753,2025-01-07T12:05:00+00:00,2025-01-07T12:00:00+00:00,6306.13793103,2025-01-09T12:00:00+00:00,0.0001,0.000708825895856,-547.5,-469.6016869986477,-5.524725729395856,100847.5,COMPLETED_MARK_TO_MARK,99800.0,P-BTC-99800-090125
20165.843631854936,20086.778915920324,0.001,1,REAL_DELTA_HISTORICAL_MARK_CANDLES,down,930.36617526,2025-01-08T12:05:00+00:00,2025-01-08T12:00:00+00:00,0.1,2025-01-10T12:00:00+00:00,0.0001,9.3046617526e-05,-796.0,79.06471593461029,0.930173128642474,95170.0,COMPLETED_MARK_TO_MARK,94000.0,P-BTC-94000-100125
,,,,,,,,2025-01-13T12:00:00+00:00,,,,,,,,,SKIPPED_MISSING_MARK,,P-BTC-89600-150125
,,,,,,,,2025-02-02T12:00:00+00:00,,,,,,,,,SKIPPED_MISSING_MARK,,P-BTC-98000-040225
,,,,,,,,2025-02-03T12:00:00+00:00,,,,,,,,,SKIPPED_MISSING_MARK,,P-BTC-94000-050225
,,,,,,,,2025-02-05T12:00:00+00:00,,,,,,,,,SKIPPED_MISSING_MARK,,C-BTC-99500-070225
20222.91043697438,20165.843631854936,0.001,1,REAL_DELTA_HISTORICAL_MARK_CANDLES,up,671.54134201,2025-02-07T12:05:00+00:00,2025-02-07T12:00:00+00:00,0.1,2025-02-09T12:00:00+00:00,0.0001,6.716413420100001e-05,537.5,57.066805119442904,0.6713741778757989,97829.5,COMPLETED_MARK_TO_MARK,98800.0,C-BTC-98800-090225
,,,,,,,,2025-02-25T12:00:00+00:00,,,,,,,,,SKIPPED_MISSING_MARK,,C-BTC-90000-270225
19737.80977244752,20222.91043697438,0.001,1,REAL_DELTA_HISTORICAL_MARK_CANDLES,down,691.51471101,2025-02-26T12:05:00+00:00,2025-02-26T12:00:00+00:00,6397.87241379,2025-02-28T12:00:00+00:00,0.0001,0.00070893871248,-676.5,-485.1006645268608,-5.70706664149248,88445.5,COMPLETED_MARK_TO_MARK,87000.0,P-BTC-87000-280225
19868.86279400463,19737.80977244752,0.001,1,REAL_DELTA_HISTORICAL_MARK_CANDLES,up,1542.05446906,2025-03-03T12:05:00+00:00,2025-03-03T12:00:00+00:00,0.1,2025-03-05T12:00:00+00:00,0.0001,0.000154215446906,701.5,131.05302155711297,1.541800253613094,93140.5,COMPLETED_MARK_TO_MARK,94000.0,C-BTC-94000-050325
,,,,,,,,2025-03-10T12:00:00+00:00,,,,,,,,,SKIPPED_MISSING_MARK,,C-BTC-84600-120325
19984.498085098832,19868.86279400463,0.001,1,REAL_DELTA_HISTORICAL_MARK_CANDLES,up,1360.65126447,2025-03-12T12:05:00+00:00,2025-03-12T12:00:00+00:00,0.1,2025-03-14T12:00:00+00:00,0.0001,0.00013607512644699997,541.5,115.635291094202,1.360415189343553,83128.0,COMPLETED_MARK_TO_MARK,84000.0,C-BTC-84000-140325
20059.40452493624,19984.498085098832,0.001,1,REAL_DELTA_HISTORICAL_MARK_CANDLES,down,881.44038742,2025-03-16T12:05:00+00:00,2025-03-16T12:00:00+00:00,0.1,2025-03-18T12:00:00+00:00,0.0001,8.815403874200002e-05,-719.0,74.90643983740694,0.881252233381258,82581.5,COMPLETED_MARK_TO_MARK,81600.0,P-BTC-81600-180325
,,,,,,,,2025-03-29T12:00:00+00:00,,,,,,,,,SKIPPED_MISSING_MARK,,P-BTC-81200-310325
,,,,,,,,2025-04-07T12:00:00+00:00,,,,,,,,,SKIPPED_MISSING_MARK,,P-BTC-75600-090425
,,,,,,,,2025-04-08T12:00:00+00:00,,,,,,,,,SKIPPED_MISSING_MARK,,C-BTC-80800-100425
,,,,,,,,2025-04-25T12:00:00+00:00,,,,,,,,,SKIPPED_MISSING_MARK,,C-BTC-95600-270425
,,,,,,,,2025-05-12T12:00:00+00:00,,,,,,,,,SKIPPED_MISSING_MARK,,P-BTC-102800-140525
,,,,,,,,2025-05-23T12:00:00+00:00,,,,,,,,,SKIPPED_MISSING_MARK,,P-BTC-107600-250525
,,,,,,,,2025-06-04T12:00:00+00:00,,,,,,,,,SKIPPED_MISSING_MARK,,P-BTC-104000-060625
,,,,,,,,2025-06-09T12:00:00+00:00,,,,,,,,,SKIPPED_MISSING_MARK,,C-BTC-108800-110625
,,,,,,,,2025-07-21T12:00:00+00:00,,,,,,,,,SKIPPED_MISSING_MARK,,P-BTC-116800-230725
,,,,,,,,2025-07-30T12:00:00+00:00,,,,,,,,,SKIPPED_MISSING_MARK,,P-BTC-116600-010825
,,,,,,,,2025-08-01T12:00:00+00:00,,,,,,,,,SKIPPED_MISSING_MARK,,C-BTC-116400-030825
,,,,,,,,2025-09-02T12:00:00+00:00,,,,,,,,,SKIPPED_MISSING_MARK,,P-BTC-108600-040925
,,,,,,,,2025-10-09T12:00:00+00:00,,,,,,,,,SKIPPED_MISSING_MARK,,C-BTC-124000-111025
,,,,,,,,2025-10-15T12:00:00+00:00,,,,,,,,,SKIPPED_MISSING_MARK,,P-BTC-110800-171025
,,,,,,,,2025-10-17T12:00:00+00:00,,,,,,,,,SKIPPED_MISSING_MARK,,C-BTC-106800-191025
,,,,,,,,2025-10-23T12:00:00+00:00,,,,,,,,,SKIPPED_MISSING_MARK,,P-BTC-107600-251025
,,,,,,,,2025-10-26T12:00:00+00:00,,,,,,,,,SKIPPED_MISSING_MARK,,C-BTC-114400-281025
,,,,,,,,2025-10-31T12:00:00+00:00,,,,,,,,,SKIPPED_MISSING_MARK,,C-BTC-111600-021125
,,,,,,,,2025-11-02T12:00:00+00:00,,,,,,,,,SKIPPED_MISSING_MARK,,C-BTC-112000-041125
,,,,,,,,2025-11-03T12:00:00+00:00,,,,,,,,,SKIPPED_MISSING_MARK,,C-BTC-109000-051125
,,,,,,,,2025-11-04T12:00:00+00:00,,,,,,,,,SKIPPED_MISSING_MARK,,C-BTC-105600-061125
,,,,,,,,2025-11-08T12:00:00+00:00,,,,,,,,,SKIPPED_MISSING_MARK,,P-BTC-101000-101125
,,,,,,,,2025-11-14T12:00:00+00:00,,,,,,,,,SKIPPED_MISSING_MARK,,P-BTC-94800-161125
,,,,,,,,2025-11-16T12:00:00+00:00,,,,,,,,,SKIPPED_MISSING_MARK,,P-BTC-94600-181125
,,,,,,,,2025-11-21T12:00:00+00:00,,,,,,,,,SKIPPED_MISSING_MARK,,P-BTC-81200-231125
,,,,,,,,2025-11-23T12:00:00+00:00,,,,,,,,,SKIPPED_MISSING_MARK,,C-BTC-87400-251125
,,,,,,,,2025-12-17T12:00:00+00:00,,,,,,,,,SKIPPED_MISSING_MARK,,C-BTC-88200-191225
,,,,,,,,2026-01-28T12:00:00+00:00,,,,,,,,,SKIPPED_MISSING_MARK,,C-BTC-91000-300126
,,,,,,,,2026-02-08T12:00:00+00:00,,,,,,,,,SKIPPED_MISSING_MARK,,C-BTC-72000-100226
,,,,,,,,2026-02-14T12:00:00+00:00,,,,,,,,,SKIPPED_MISSING_MARK,,C-BTC-71200-160226
,,,,,,,,2026-02-20T12:00:00+00:00,,,,,,,,,SKIPPED_MISSING_MARK,,P-BTC-66400-220226
,,,,,,,,2026-02-27T12:00:00+00:00,,,,,,,,,SKIPPED_MISSING_MARK,,P-BTC-65200-010326
,,,,,,,,2026-03-11T12:00:00+00:00,,,,,,,,,SKIPPED_MISSING_MARK,,P-BTC-68000-130326
,,,,,,,,2026-03-18T12:00:00+00:00,,,,,,,,,SKIPPED_MISSING_MARK,,P-BTC-72000-200326
,,,,,,,,2026-03-23T12:00:00+00:00,,,,,,,,,SKIPPED_MISSING_MARK,,C-BTC-71000-250326
,,,,,,,,2026-05-18T12:00:00+00:00,,,,,,,,,SKIPPED_MISSING_MARK,,C-BTC-78200-200526
,,,,,,,,2026-06-05T12:00:00+00:00,,,,,,,,,SKIPPED_MISSING_MARK,,P-BTC-60800-070626
,,,,,,,,2026-06-22T12:00:00+00:00,,,,,,,,,SKIPPED_MISSING_MARK,,C-BTC-65600-240626
,,,,,,,,2026-06-24T12:00:00+00:00,,,,,,,,,SKIPPED_MISSING_MARK,,C-BTC-64000-260626
,,,,,,,,2026-07-06T12:00:00+00:00,,,,,,,,,SKIPPED_MISSING_MARK,,P-BTC-60800-080726
